Product Name,Price,Rating
"REDMI 9i (Sea Blue, 64 GB)","8,299",4.3
"realme C21 (Cross Blue, 64 GB)","9,499",4.4
"realme C21 (Cross Black, 64 GB)","9,499",4.4
I Kall K3312 Combo,"1,399",3.6
"realme C21 (Cross Blue, 32 GB)","8,499",4.4
"realme C21 (Cross Black, 32 GB)","8,499",4.4
"REDMI 9 Power (Mighty Black, 64 GB)","10,999",4.3
"realme C20 (Cool Blue, 32 GB)","6,999",4.3
"realme C20 (Cool Grey, 32 GB)","6,999",4.3
"realme Narzo 30 5G (Racing Silver, 128 GB)","15,999",4.4
"REDMI 9 Power (Blazing Blue, 64 GB)","10,999",4.3
"REDMI 9i (Midnight Black, 64 GB)","8,299",4.3
"realme Narzo 30 (Racing Silver, 64 GB)","12,499",4.4
"realme Narzo 30 (Racing Blue, 64 GB)","12,499",4.4
"REDMI 9i (Nature Green, 64 GB)","8,299",4.3
"realme Narzo 30 5G (Racing Blue, 128 GB)","15,999",4.4
"POCO C3 (Matte Black, 64 GB)","8,499",4.3
"REDMI 9 Prime (Matte Black, 64 GB)","9,999",4.4
"POCO M3 (Power Black, 64 GB)","11,499",4.3
"Infinix Hot 10 Play (Morandi Green, 64 GB)","8,999",4.3
"Infinix Hot 10 Play (Aegean Blue, 64 GB)","8,999",4.3
"POCO M3 (Cool Blue, 64 GB)","11,499",4.3
"realme Narzo 30 (Racing Blue, 128 GB)","14,499",4.3
"POCO C3 (Matte Black, 32 GB)","7,499",4.3
"realme Narzo 30A (Laser Black, 64 GB)","9,999",4.3
"realme Narzo 30A (Laser Blue, 32 GB)","8,999",4.4
"REDMI 9 Power (Electric Green, 64 GB)","10,999",4.3
"Infinix Hot 10 Play (7° Purple, 64 GB)","8,999",4.3
"POCO C3 (Arctic Blue, 32 GB)","7,499",4.3
"REDMI 9 Power (Fiery Red, 64 GB)","10,999",4.3
"POCO M3 (Cool Blue, 128 GB)","12,499",4.3
"POCO M3 (Yellow, 64 GB)","11,499",4.3
"MOTOROLA E7 Power (Tahiti Blue, 64 GB)","8,799",4.1
"realme C11 2021 (Cool Grey, 32 GB)","6,999",4.5
"realme C11 2021 (Cool Blue, 32 GB)","6,999",4.5
"realme Narzo 30 (Racing Silver, 128 GB)","14,499",4.3
"realme Narzo 30 (Racing Blue, 128 GB)","14,499",4.3
"POCO M3 Pro 5G (Cool Blue, 64 GB)","13,999",4.3
"REDMI Note 9 (Arctic White, 64 GB)","11,499",4.3
"MOTOROLA G10 Power (Aurora Grey, 64 GB)","10,499",4.1
"Infinix Smart 5 (Aegean Blue, 32 GB)","7,199",4.4
"Infinix Smart 5 (7° Purple, 32 GB)","7,199",4.4
"Infinix Smart 5 (Obsidian Black, 32 GB)","7,199",4.4
"Infinix Smart 5 (Morandi Green, 32 GB)","7,199",4.4
"SAMSUNG Galaxy F22 (Denim Black, 64 GB)","12,499",4.5
"realme 8 5G (Supersonic Black, 128 GB)","15,499",4.3
"realme 8 5G (Supersonic Black, 64 GB)","14,499",4.3
"realme 8 5G (Supersonic Blue, 64 GB)","14,499",4.3
"MOTOROLA G30 (Dark Pearl, 64 GB)","10,999",4.1
"REDMI 9 Prime (Sunrise Flare, 64 GB)","9,999",4.4
Nokia TA-1010/105,"1,288",4.3
I Kall K3312 Combo,"1,399",3.6
"POCO M3 (Cool Blue, 64 GB)","10,499",4.5
"REDMI 9i (Midnight Black, 128 GB)","9,299",4.3
"REDMI 9 Power (Fiery Red, 128 GB)","11,999",4.3
I Kall K16 New Combo of Two Mobiles,"1,299",3.6
Nokia TA-1174 / TA-1299,"1,389",4.2
"MOTOROLA E7 Plus (Misty Blue, 64 GB)","8,999",4.2
LAVA A1,988,4.2
"POCO M3 (Power Black, 64 GB)","10,499",4.5
"REDMI Note 9 (Pebble Grey, 64 GB)","11,499",4.3
"OPPO A53 (Mint Cream, 128 GB)","13,990",4.4
SAMSUNG Guru Music 2,"1,950",4.3
"REDMI 9i (Sea Blue, 128 GB)","9,299",4.3
"REDMI Note 9 (Shadow Black, 64 GB)","11,499",4.3
"Infinix Hot 10S (7° Purple, 64 GB)","10,999",4.2
SAMSUNG Guru Music 2,"1,710",4.3
"OPPO A53s 5G (Ink Black, 128 GB)","15,990",4.3
"OPPO A53s 5G (Crystal Blue, 128 GB)","15,990",4.3
Nokia 110 TA-1302 DS,"1,670",4.1
LAVA A1 Josh,955,4.2
"vivo Y12s (Glacier Blue, 32 GB)","10,490",4.3
"REDMI 9 Prime (Mint Green, 64 GB)","9,999",4.4
"realme C25 (Watery Grey, 128 GB)","10,999",4.4
"Infinix Note 10 (95° Black, 128 GB)","12,499",4.2
"MOTOROLA E7 Power (Tahiti Blue, 32 GB)","6,999",4.1
"APPLE iPhone SE (White, 64 GB)","28,999",4.5
"REDMI 9i (Nature Green, 128 GB)","9,299",4.3
"SAMSUNG Galaxy F22 (Denim Black, 128 GB)","14,499",4.5
"POCO M3 (Yellow, 128 GB)","12,499",4.3
"vivo Y12s (Phantom Black, 32 GB)","10,490",4.3
"realme 8 5G (Supersonic Blue, 128 GB)","15,499",4.3
"realme 8 5G (Supersonic Black, 128 GB)","17,499",4.3
"realme 8 5G (Supersonic Blue, 128 GB)","17,499",4.3
LAVA Gem,"1,577",4.2
Nokia 105 SS,"1,289",4.3
"vivo Y51A (Crystal Symphony, 128 GB)","16,990",4.3
LAVA A3,"1,073",4.2
Nokia 105 DS 2020,"1,349",4.2
"OPPO A33 (Moonlight Black, 32 GB)","9,990",4.3
Nokia 105 SS 2021,"1,299",4.2
"POCO C3 (Arctic Blue, 64 GB)","8,499",4.3
LAVA Hero 600+,999,4.1
LAVA Hero 600+,748,4.1
"POCO C3 (Lime Green, 64 GB)","8,499",4.3
Nokia 105,"1,298",4.1
LAVA A3,"1,073",4.2
SAMSUNG Guru FM Plus SM-B110E/D,"1,655",4.3
SAMSUNG Guru 1200,"1,409",4.3
I Kall K3312 Combo,"1,399",3.6
"POCO M2 Reloaded (Greyish Black, 64 GB)","9,999",4.3
"Infinix Note 10 (Emerald Green, 128 GB)","12,499",4.2
"Infinix Note 10 (7° Purple, 128 GB)","12,499",4.2
"REDMI 9 Power (Blazing Blue, 128 GB)","13,499",4.3
"realme 8 (Cyber Black, 128 GB)","16,999",4.3
"realme 8 (Cyber Black, 128 GB)","15,999",4.3
"realme 8 (Cyber Silver, 128 GB)","15,999",4.3
"realme Narzo 30 Pro 5G (Sword Black, 64 GB)","15,999",4.3
"realme Narzo 30 Pro 5G (Blade Silver, 64 GB)","15,999",4.3
"MOTOROLA E7 Power (Coral Red, 64 GB)","8,799",4.1
"Infinix Hot 10S (Heart Of Ocean, 64 GB)","9,999",4.3
"Infinix Hot 10S (95° Black, 64 GB)","9,999",4.3
"Infinix Hot 10S (Morandi Green, 64 GB)","9,999",4.3
"POCO M3 (Yellow, 64 GB)","10,499",4.5
"Infinix Smart HD 2021 (Obsidian Black, 32 GB)","6,499",4.3
"realme Narzo 30A (Laser Blue, 64 GB)","9,999",4.3
"Infinix Hot 10 Play (Obsidian Black, 64 GB)","8,999",4.3
"realme C25 (Watery Blue, 64 GB)","9,999",4.4
"realme C25 (Watery Blue, 128 GB)","10,999",4.4
"SAMSUNG Galaxy F12 (Sky Blue, 64 GB)","10,999",4.2
"REDMI Note 9 (Aqua Green, 64 GB)","11,499",4.3
"MOTOROLA G60 (Dynamic Gray, 128 GB)","17,999",4.2
Nokia 105 SS 2021,"1,277",4.2
I Kall K3312 Combo,"1,399",3.6
"vivo Y20G 2021 (Purist Blue, 64 GB)","13,990",4.4
"vivo Y20G 2021 (Obsidian Black, 64 GB)","13,990",4.4
"OPPO A53s 5G (Crystal Blue, 128 GB)","17,990",4.3
I Kall K16 New Combo of Two Mobiles,"1,299",3.6
LAVA GEM,"1,577",4.2
"MOTOROLA G10 Power (Breeze Blue, 64 GB)","10,499",4.1
Nokia 105 DS 2020,"1,399",4.2
SAMSUNG Metro 313 Dual Sim,"2,025",4.2
"OPPO A33 (Mint Cream, 32 GB)","9,990",4.3
"GIONEE Max Pro (Red, 32 GB)","6,999",3.9
"SAMSUNG Galaxy F22 (Denim Blue, 128 GB)","14,499",4.5
"SAMSUNG Galaxy F12 (Sky Blue, 128 GB)","11,999",4.2
BlackZone ECO X,"1,390",4
BlackZone ECO X,"1,390",4
Good One 5605N,849,3.7
Micromax X816,"1,400",4.1
KARBONN Jumbo K9,"1,228",4
"vivo Y51A (Crystal Symphony, 128 GB)","17,990",4.3
"vivo Y51A (Titanium Sapphire, 128 GB)","16,990",4.3
"vivo Y51A (Titanium Sapphire, 128 GB)","17,990",4.3
"vivo Y51A (Titanium Sapphire, 128 GB)","17,990",4.3
LAVA Flip,"1,752",4.2
LAVA Flip,"1,752",4.2
I Kall K3312 Combo,"1,399",3.6
BlackZone EVEREST,759,3.8
BlackZone EVEREST,759,3.8
"REDMI 9 Power (Blazing Blue, 128 GB)","11,999",4.3
I Kall K16 New Combo of Two Mobiles,"1,299",3.6
"SAMSUNG Galaxy F22 (Denim Blue, 64 GB)","12,499",4.5
"POCO X3 Pro (Steel Blue, 128 GB)","20,999",4.4
"vivo Y20G (Purist Blue, 64 GB)","13,990",4.3
"SAMSUNG Galaxy F02s (Diamond Blue, 64 GB)","10,499",4.2
"OPPO A53 (Mint Cream, 64 GB)","11,990",4.5
"OPPO A53 (Moonlight Black, 64 GB)","11,990",4.5
"OPPO A12 (Flowing Silver, 64 GB)","9,990",4.4
"OPPO A12 (Blue, 32 GB)","8,990",4.4
"OPPO A12 (Black, 32 GB)","8,990",4.4
"OPPO A12 (Deep Blue, 32 GB)","7,990",4.4
"OPPO A12 (Deep Blue, 64 GB)","9,990",4.4
"OPPO A12 (Flowing Silver, 32 GB)","8,990",4.4
"POCO X3 Pro (Steel Blue, 128 GB)","18,999",4.4
"REDMI 9 Power (Mighty Black, 128 GB)","13,499",4.3
"Itel A48 (Gradation Green, 32 GB)","5,999",3.9
"APPLE iPhone SE (Black, 128 GB)","33,999",4.5
"realme 8 (Cyber Black, 128 GB)","14,999",4.3
"realme 8 (Cyber Silver, 128 GB)","16,999",4.3
"realme 8 (Cyber Silver, 128 GB)","14,999",4.3
I Kall K3312 Combo,"1,399",3.6
"realme Narzo 30 Pro 5G (Blade Silver, 128 GB)","18,999",4.3
"SAMSUNG Galaxy A31 (Prism Crush Blue, 128 GB)","16,999",4.3
KARBONN K19 Rock,890,3.9
"POCO M3 Pro 5G (Cool Blue, 128 GB)","15,999",4.2
Nokia 216 DS,"2,450",4.2
"Infinix Hot 10S (95° Black, 64 GB)","10,999",4.2
"Infinix Hot 10S (Morandi Green, 64 GB)","10,999",4.2
Kechaoda K115,"1,075",4.1
"POCO X2 (Matrix Purple, 64 GB)","14,999",4.5
"realme C11 (Rich Grey, 32 GB)","7,499",4.4
"realme C11 (Rich Green, 32 GB)","7,499",4.4
"vivo Y31 (Racing Black, 128 GB)","16,490",4.4
"vivo Y31 (Ocean Blue, 128 GB)","16,490",4.4
"realme 8 Pro (Illuminating Yellow, 128 GB)","19,999",4.3
"realme 8 Pro (Infinite Black, 128 GB)","19,999",4.3
"realme 8 Pro (Infinite Blue, 128 GB)","17,999",4.3
"realme 8 Pro (Infinite Black, 128 GB)","17,999",4.3
"realme 8 Pro (Infinite Blue, 128 GB)","19,999",4.3
"OPPO A53s 5G (Ink Black, 128 GB)","17,990",4.3
"SAMSUNG Galaxy F12 (Sea Green, 128 GB)","11,999",4.2
"vivo Y20G (Obsidian Black, 128 GB)","15,990",4.3
"Itel A25 Pro (Gradation Purple, 32 GB)","4,999",4
"Itel A25 Pro (Gradation Blue, 32 GB)","4,999",4
I Kall K16 New Combo of Two Mobiles,"1,299",3.6
"Itel A25 Pro (Gradation Green, 32 GB)","4,999",4
"OPPO A53 (Moonlight Black, 128 GB)","13,990",4.4
"Infinix Hot 10S (7° Purple, 64 GB)","9,999",4.3
"MOTOROLA G40 Fusion (Dynamic Gray, 128 GB)","16,499",4.3
LAVA A1,988,4.2
LAVA A1,988,4.2
"POCO C3 (Lime Green, 32 GB)","7,499",4.3
"SAMSUNG Galaxy M31 (Space Black, 64 GB)","16,262",4.3
"realme C15 Qualcomm Edition (Power Silver, 64 GB)","10,999",4.4
LAVA A1,988,4.2
SAMSUNG Guru FM Plus,"1,640",4.2
"GIONEE F11 (Blue, 32 GB)","6,584",3.9
Jio F320B,"1,818",3.8
KARBONN K9,"1,234",4.1
"SAMSUNG Galaxy F12 (Sea Green, 64 GB)","10,999",4.2
"GIONEE Max Pro (Blue, 32 GB)","6,999",3.9
Itel Ace,799,4
BlackZone ECO X,"1,390",4
"Tecno Spark 6 Go (Aqua Blue, 64 GB)","8,699",4.2
"Infinix Smart 4 Plus (Violet, 32 GB)","7,999",4.4
